{"cameraMode":{"drawMode":0,"name":"Shaded","section":"Shading Mode"},"sceneLighting":true,"audioPlay":false,"sceneViewState":{"showFog":true,"showMaterialUpdate":true,"showSkybox":true,"showFlares":true,"showImageEffects":true,"showParticleSystems":true},"in2DMode":false,"pivot":{"x":177.57180786132813,"y":16.22051239013672,"z":88.7784423828125},"rotation":{"x":0.23454897105693818,"y":-0.33159154653549197,"z":0.0854867473244667,"w":0.9097996354103088},"size":102.6816635131836,"orthographic":false}